Peter Neelin|neelin
Alex Zijdenbos|alex
Andrew Janke|a.janke@gmail.com|rotor|swmgr
Leila Baghdadi|baghdadi@phenogenomics.ca|baghdadi|leili
Robert D Vincent|robert.d.vincent@mcgill.ca|bert
Bradley Lowekamp|blowekamp@mail.nih.gov
Brian Helba|brian.helba@kitware.com
Chris Hammill|cfhammill@gmail.com
Claude LEPAGE|claude@bic.mni.mcgill.ca|claude
David MACDONALD|david@bic.mni.mcgill.ca|david
Francois Budin|francois.budin@kitware.com
Gabriel A. Devenyi|gdevenyi@gmail.com
Haz-Edine Assemlal|haz-edine@assemlal.com
Ilana Leppert|ilana.leppert@mcgill.ca|ilana
Jason Lerch|jason.lerch@utoronto.ca|jason
Jean-Christophe Fillion-Robin|jchris.fillionr@kitware.com
John G. Sled|john.sled@utoronto.ca|jgsled
Jonathan HARLAP|jharlap
John Cupitt|jcupitt@gmail.com
Jordi Gutierrez Hermoso|jordigh@octave.org
Martin Steghofer|martin@steghoefer.eu
Matthijs van Eede|matthijsvaneede@gmail.com
Matt McCormick|matt.mccormick@kitware.com|matt@mmmccormick.com
Jim Nikelski|jnikelski@gmail.com|nikelski
Sean McBride|sean@rogue-research.com
Steve M. Robbins|smr@sumost.ca|stever
Vladimir S. FONOV|vladimir.fonov@gmail.com|vfonov@ubuntu-64bit.(none)|you@example.com
Andrew Wood|andrew@biospective.com
Simon Fristed Eskildsen|eskild@gmail.com|fristed@fristed-laptop.(none)|fristed@ubuntu32.(none)|fristed@VB-ubuntu1204.(none)
D Louis Collins|d.louis.collins@gmail.com|louis
Patricia LE NEZET|lenezet@bic.mni.mcgill.ca|lenezet
Vivek SINGH|vsingh
